date,temp,temp_tomorrow_fc,is_weekend,load_yesterday,load_tomorrow
2023-01-02,8.033951478040425,10.486287564222904,0,22446.99148473231,26634.59054339113
2023-01-03,9.062892397078548,10.15868710381777,0,24094.802003661673,26329.111136168656
2023-01-04,9.782573196292304,6.38739469999306,0,26634.59054339113,29217.413494335608
2023-01-05,6.575373066982927,10.643473270062136,0,26329.111136168656,29633.447736915878
2023-01-06,8.33776431739992,7.447284332036669,0,29217.413494335608,27230.510362079585
2023-01-07,8.116379409626807,2.9039879610315484,1,29633.447736915878,28433.418029234457
2023-01-08,3.518948164660072,9.373294155105095,1,27230.510362079585,28220.481855911887
2023-01-09,10.238269052736808,9.204885402050012,0,28433.418029234457,28237.278277793237
2023-01-10,8.985009614403268,6.133832036337968,0,28220.481855911887,29977.319420570617
2023-01-11,5.711166602805319,7.672349646583557,0,28237.278277793237,28851.866245389032
2023-01-12,6.63824237859162,7.9034325189520365,0,29977.319420570617,29582.005208123905
2023-01-13,8.124195181547984,4.272924672370095,0,28851.866245389032,28089.28693942545
2023-01-14,6.002910151089426,6.1690172652896855,1,29582.005208123905,26305.857869629006
2023-01-15,5.846364221849613,3.596787022770471,1,28089.28693942545,29850.03348564759
2023-01-16,2.618710493201088,7.474413622370976,0,26305.857869629006,30043.342290110497
2023-01-17,7.438542890764455,6.034444242323683,0,29850.03348564759,32117.455680748375
2023-01-18,6.163832542495988,6.9107475668445515,0,30043.342290110497,31088.398241639454
2023-01-19,6.3441369186498555,3.0841289355222865,0,32117.455680748375,32156.669177828844
2023-01-20,1.6474093131944452,9.33606359926293,0,31088.398241639454,30078.044678604387
2023-01-21,9.398137594674735,4.050731129714937,1,32156.669177828844,29433.76968093701
2023-01-22,5.46688603362418,3.364437727122284,1,30078.044678604387,31045.49493643967
2023-01-23,3.92490359449231,9.61729067842231,0,29433.76968093701,28272.33621125754
2023-01-24,9.779243410934,2.6118180649726,0,31045.49493643967,29628.452993935472
2023-01-25,4.409065436092679,1.4869337785062653,0,28272.33621125754,34140.15757853698
2023-01-26,0.7140141181137123,2.3838858265319436,0,29628.452993935472,33779.48210433507
2023-01-27,3.148088089527657,-1.2258045219031164,0,34140.15757853698,34327.92577334555
2023-01-28,-1.736863525172602,6.630063715047433,1,33779.48210433507,30539.755565476244
2023-01-29,6.432554190561344,2.2869855510050034,1,34327.92577334555,33726.45071399336
2023-01-30,2.5954394384415616,3.2407970526986247,0,30539.755565476244,34086.55506609839
2023-01-31,1.6102786964153866,5.421203173004215,0,33726.45071399336,33055.60507918632
2023-02-01,5.980400264902402,-1.6637789003436705,0,34086.55506609839,35737.37951525107
2023-02-02,-0.9933269116906152,4.605505236536229,0,33055.60507918632,34404.754419302015
2023-02-03,4.310696063399835,-1.5073549034925604,0,35737.37951525107,34674.81730316678
2023-02-04,-2.348482230311946,0.999885700989417,1,34404.754419302015,34364.09841892076
2023-02-05,1.0003072460834752,-1.489747139770246,1,34674.81730316678,37223.41885875859
2023-02-06,-0.5089280739397237,6.697990235723501,0,34364.09841892076,34067.31889115716
2023-02-07,6.005287275903042,7.222417763372906,0,37223.41885875859,31489.19655519294
2023-02-08,6.617332557715452,3.3089096632083654,0,34067.31889115716,32595.060557381483
2023-02-09,1.2328775445737445,3.796076214009689,0,31489.19655519294,32942.269757306785
2023-02-10,4.0156690588680615,1.5386943844279712,0,32595.060557381483,32591.408319505557
2023-02-11,1.3242786377432951,2.491723269093898,1,32942.269757306785,31683.287915357512
2023-02-12,3.0578340120864276,-1.8650029293277082,1,32591.408319505557,34540.06310683671
2023-02-13,-0.3779126669842028,-2.821229446926066,0,31683.287915357512,36038.071813382354
2023-02-14,-2.897060771641587,-2.4099132014664235,0,34540.06310683671,38774.8281008778
2023-02-15,-3.2612080304005975,1.067709056543861,0,36038.071813382354,37034.730121150285
2023-02-16,2.0802767469453824,5.946319672261394,0,38774.8281008778,33647.36611801336
2023-02-17,6.620612086826706,0.3826847088551635,0,37034.730121150285,33230.38858444066
2023-02-18,1.5575604646037031,0.7996875515674262,1,33647.36611801336,34627.00051888869
2023-02-19,-0.5417838326906856,4.806230292251313,1,33230.38858444066,33136.84276428119
2023-02-20,5.438794417365357,1.724627152980372,0,34627.00051888869,33816.04548280816
2023-02-21,1.1443774830010662,-0.16393240699933986,0,33136.84276428119,35990.77358756889
2023-02-22,0.7004713412482502,1.0530988048907863,0,33816.04548280816,35659.97122639515
2023-02-23,0.9775129811110478,-0.7074922367093468,0,35990.77358756889,35790.73135008216
2023-02-24,-0.08224350190833019,-2.9663591864274483,0,35659.97122639515,33955.210554211495
2023-02-25,-0.6188831107968205,-3.4451007037286834,1,35790.73135008216,35745.431026977894
2023-02-26,-3.5229874927865588,1.7594184796556203,1,33955.210554211495,34918.7871378273
2023-02-27,1.2316268416819858,-2.4264551601242887,0,35745.431026977894,35715.42171695179
2023-02-28,-0.3426690994582676,2.6228177642663266,0,34918.7871378273,35318.506009022065
2023-03-01,2.797269605823121,-1.6161098748796603,0,35715.42171695179,36777.66902341794
2023-03-02,-1.183600228555242,-6.178188916138577,0,35318.506009022065,40251.84390387947
2023-03-03,-5.099959220045484,-0.9031961218807774,0,36777.66902341794,37695.97765379968
2023-03-04,-0.6518917304890649,1.841157409442676,1,40251.84390387947,33634.46363235614
2023-03-05,3.7808176714232307,-1.2374410006073278,1,37695.97765379968,35797.49677447763
2023-03-06,-1.4880543081062827,-1.6258696078822792,0,33634.46363235614,37398.80016420198
2023-03-07,-2.81190190406861,-4.886946454590298,0,35797.49677447763,39529.136126648336
2023-03-08,-3.6252780352314193,-3.382056518000621,0,37398.80016420198,39940.0601618224
2023-03-09,-3.316637971818553,-0.06328842561756187,0,39529.136126648336,38885.60491970116
2023-03-10,-1.488622353246675,-3.6084688348428724,0,39940.0601618224,38984.17389733803
2023-03-11,-3.7308658920334623,2.405618260818185,1,38885.60491970116,35107.0174788626
2023-03-12,2.924196560553224,-2.4722596716632634,1,38984.17389733803,36461.923610637496
2023-03-13,-1.5616862736560992,-0.4370028710020818,0,35107.0174788626,35828.4790298487
2023-03-14,-0.614870179386606,2.548871151096199,0,36461.923610637496,35423.452946613856
2023-03-15,2.6815280890977764,3.452041057858787,0,35828.4790298487,34992.45964402905
2023-03-16,2.820467464983796,-3.0098794085915346,0,35423.452946613856,36782.09023084183
2023-03-17,-1.4895908652220102,0.9331280426272339,0,34992.45964402905,35115.75131843203
2023-03-18,-0.14391811138153332,0.4478745652297197,1,36782.09023084183,33465.35878049881
2023-03-19,0.851456780440248,-0.8340707994035009,1,35115.75131843203,35789.651820333456
2023-03-20,-1.4766615629970985,-6.1665712294875075,0,33465.35878049881,39302.0282668678
2023-03-21,-5.444122987746946,-0.6610249814677678,0,35789.651820333456,37730.257384039476
2023-03-22,0.6369521007984349,0.6721770010416022,0,39302.0282668678,36629.762354333165
2023-03-23,1.239194154047874,-0.9053283441150002,0,37730.257384039476,36415.82001392165
2023-03-24,0.049041406861345616,-3.6624340009434526,0,36629.762354333165,37122.914678076864
2023-03-25,-3.28776142585589,-0.8064241597710101,1,36415.82001392165,36475.51425681378
2023-03-26,-1.454312054775399,-1.3439012888150146,1,37122.914678076864,37347.16610201205
2023-03-27,-2.4226759827886117,-1.4691135874640546,0,36475.51425681378,38618.147725435425
2023-03-28,-1.6727063344487114,1.8044178227613856,0,37347.16610201205,37269.69316688951
2023-03-29,2.344932185523686,2.5053078288062327,0,38618.147725435425,36307.40690002441
2023-03-30,2.9566322449109586,1.4322302102722722,0,37269.69316688951,36129.18648778274
2023-03-31,0.8400002487410416,1.7121397230633908,0,36307.40690002441,34621.32078179449
2023-04-01,0.5758868209583938,0.6138807929087979,1,36129.18648778274,32914.84754839004
2023-04-02,0.9369522868574571,-0.8656128350709744,1,34621.32078179449,35931.199742830184
2023-04-03,-0.7400955647777436,-1.6013722503851477,0,32914.84754839004,35181.84440218164
2023-04-04,-0.849757720612569,-2.085249434705387,0,35931.199742830184,36924.19220341509
2023-04-05,-2.292074529015008,0.26558842140392824,0,35181.84440218164,37035.854659504505
2023-04-06,-0.6912617807115592,2.2526259465143865,0,36924.19220341509,35123.72382906848
2023-04-07,5.158356934318182,2.0003395144806233,0,37035.854659504505,33688.93794507085
2023-04-08,1.7448668531615672,-1.76626387593106,1,35123.72382906848,33680.67734503591
2023-04-09,-1.2155674005807406,-3.7968610364337563,1,33688.93794507085,34933.414920491734
2023-04-10,-1.46897724020452,-2.0619757393067046,0,33680.67734503591,36571.21790755361
2023-04-11,-2.3756347963541735,0.7103710796620414,0,34933.414920491734,36470.95567896694
2023-04-12,0.7998812898109641,1.294120858028389,0,36571.21790755361,36317.12716023935
2023-04-13,0.9247761329230528,-4.942393943669691,0,36470.95567896694,38288.64725658002
2023-04-14,-3.5763687610355,3.4734808662141496,0,36317.12716023935,34928.69100235908
2023-04-15,1.336338547697658,-1.0999354467070421,1,38288.64725658002,34901.540773483975
2023-04-16,-1.2105996135676214,3.53286123008772,1,34928.69100235908,34811.004539596965
2023-04-17,3.875952401432761,2.3249656382607995,0,34901.540773483975,34624.76578927714
2023-04-18,0.8007874269009252,5.458242504493545,0,34811.004539596965,33436.31724187761
2023-04-19,4.805960608444621,0.30555229327348565,0,34624.76578927714,36776.67594124026
2023-04-20,-0.5273238893772145,1.1709816566569078,0,33436.31724187761,37327.92104968352
2023-04-21,0.007759154042341843,-0.48129885321416044,0,36776.67594124026,34504.061489022555
2023-04-22,1.5903010778801594,5.266345294200495,1,37327.92104968352,32982.301041172715
2023-04-23,3.5970145146520993,2.1441696948150457,1,34504.061489022555,33143.79048978769
2023-04-24,2.491481316666504,-1.598683956785108,0,32982.301041172715,36019.618935118204
2023-04-25,-1.8841710778765295,2.7057695219827353,0,33143.79048978769,36861.5625134569
2023-04-26,1.7829502224693574,0.7982241387442596,0,36019.618935118204,37690.82578987835
2023-04-27,1.5105286993300924,0.8324903786506663,0,36861.5625134569,35721.21707931452
2023-04-28,0.514584213392242,0.8652811511760686,0,37690.82578987835,35369.456126627425
2023-04-29,0.10241260791897178,6.188235478746983,1,35721.21707931452,33128.57794904341
2023-04-30,6.23008030695428,1.5212733026497398,1,35369.456126627425,34114.70145274236
2023-05-01,1.0266326262301548,-1.5737148246832702,0,33128.57794904341,35748.43710477861
2023-05-02,0.03221224971496639,2.6950350482516194,0,34114.70145274236,35636.44268740283
2023-05-03,3.8871365931097293,1.6209335255133384,0,35748.43710477861,34538.64482643822
2023-05-04,2.7711196794273953,2.7791612916584443,0,35636.44268740283,34926.91024713416
2023-05-05,2.4080629034666003,8.449560904854065,0,34538.64482643822,32062.755042557244
2023-05-06,4.706669751966632,4.396360983750189,1,34926.91024713416,29424.317856838577
2023-05-07,4.133532632379484,3.830817110204617,1,32062.755042557244,31499.71239171827
2023-05-08,3.978687257890713,5.583100039308176,0,29424.317856838577,31278.76123084776
2023-05-09,5.647598209468513,5.0959506779731445,0,31499.71239171827,32825.552694803606
2023-05-10,4.112665885033674,2.744194770656569,0,31278.76123084776,35572.34030454992
2023-05-11,2.0302916001895595,1.6916355566347818,0,32825.552694803606,35414.08017009834
2023-05-12,2.838406353623023,3.6326624735289346,0,35572.34030454992,33105.30240159464
2023-05-13,2.615639588274097,4.594794270987532,1,35414.08017009834,31603.409161795847
2023-05-14,4.618725643825459,2.3971654996763148,1,33105.30240159464,33674.05598241205
2023-05-15,1.5781477287684575,-2.125976487948502,0,31603.409161795847,36218.90172463065
2023-05-16,-0.1269789783397135,3.302962894413075,0,33674.05598241205,33029.579536525795
2023-05-17,4.857682181437109,2.0782240752599446,0,36218.90172463065,33341.03719384392
2023-05-18,1.4813811694137948,-1.6704402704175434,0,33029.579536525795,33469.24814516431
2023-05-19,0.13024885600920388,6.522867998411266,0,33341.03719384392,31153.74120025019
2023-05-20,6.133101016002996,3.951878688746992,1,33469.24814516431,30754.798606838012
2023-05-21,3.6137333165034917,6.970916049010309,1,31153.74120025019,29952.675145789763
2023-05-22,6.8252277137936055,4.808735772375334,0,30754.798606838012,30669.527033872666
2023-05-23,4.4532259568772865,3.438253329752236,0,29952.675145789763,31790.64001274395
2023-05-24,3.172741036108658,3.515321922750906,0,30669.527033872666,32119.106436736987
2023-05-25,3.067922003057375,4.683910103898898,0,31790.64001274395,31757.337076279546
2023-05-26,5.090189715498998,5.874620907009773,0,32119.106436736987,29535.04262732045
2023-05-27,5.896506527112078,7.654747472861008,1,31757.337076279546,30516.81422376496
2023-05-28,4.725372979142004,7.423749999783213,1,29535.04262732045,30873.62471806664
2023-05-29,6.286856545060219,3.968599491401363,0,30516.81422376496,31603.766132054345
2023-05-30,3.356456374652833,7.833726227060389,0,30873.62471806664,30114.05335111078
2023-05-31,7.441441635877551,2.4033895245551333,0,31603.766132054345,32950.69676019376
2023-06-01,3.1309642467286576,7.5684171520568935,0,30114.05335111078,31666.48540687043
2023-06-02,7.3416097032059,9.53496958724344,0,32950.69676019376,28178.44615661147
2023-06-03,9.781885244029816,11.928153381612168,1,31666.48540687043,26174.706107576447
2023-06-04,10.982068676388327,11.83773460583719,1,28178.44615661147,26856.243651235985
2023-06-05,12.752853017047965,2.4288668137438196,0,26174.706107576447,28558.311667385748
2023-06-06,4.791909512274422,10.235754764511348,0,26856.243651235985,26784.541455880317
2023-06-07,10.79614952386322,12.829406550328073,0,28558.311667385748,24499.774998957688
2023-06-08,12.132667437055352,14.24564887309332,0,26784.541455880317,25252.375787183155
2023-06-09,11.786832980491475,8.256782033274323,0,24499.774998957688,25707.43416400714
2023-06-10,7.231398033281035,9.82562104800109,1,25252.375787183155,23914.14108165825
2023-06-11,10.80419030285735,14.42644121385417,1,25707.43416400714,23847.287519178713
2023-06-12,14.645486562252902,5.522463863041313,0,23914.14108165825,27740.02613912942
2023-06-13,6.473405641372705,11.442452537414196,0,23847.287519178713,26441.746848424784
2023-06-14,11.629204103272574,12.544018510370767,0,27740.02613912942,25296.455589904996
2023-06-15,13.44131828658638,7.497700836490374,0,26441.746848424784,27581.644690183268
2023-06-16,9.141743105456166,13.008191396193054,0,25296.455589904996,23953.96399889486
2023-06-17,12.563605447960077,8.84784172548008,1,27581.644690183268,23639.392707039624
2023-06-18,8.652171960710515,9.35154530218987,1,23953.96399889486,27634.26080453438
2023-06-19,9.52230375844375,10.079913843262345,0,23639.392707039624,27156.105576440445
2023-06-20,9.733678902490496,14.51408476935179,0,27634.26080453438,25643.27576972291
2023-06-21,12.480769247047297,12.11323199687934,0,27156.105576440445,24741.617944408616
2023-06-22,11.996167315355466,14.454051408190763,0,25643.27576972291,24761.292989162248
2023-06-23,14.832462807282067,11.186071672249456,0,24741.617944408616,24846.8921887313
2023-06-24,10.319898983704956,10.923774231658967,1,24761.292989162248,24026.216530419842
2023-06-25,12.565631185023566,16.27310409350315,1,24846.8921887313,24948.35447868931
2023-06-26,15.519470514431092,13.966789768254948,0,24026.216530419842,24751.295366574657
2023-06-27,14.741350858148689,9.433338734600389,0,24948.35447868931,24558.570248832337
2023-06-28,10.25003680841748,15.556377156508885,0,24751.295366574657,25005.649812077336
2023-06-29,15.446419465130086,14.480957823314261,0,24558.570248832337,26217.862659068647
2023-06-30,12.808607918803547,14.443306732959872,0,25005.649812077336,24964.354229360026
2023-07-01,15.188768119669222,16.149478133800613,1,26217.862659068647,23347.57050352292
2023-07-02,15.196993466510639,18.090678831846954,1,24964.354229360026,24815.81532740197
2023-07-03,17.712856691525012,13.783526139799209,0,23347.57050352292,24599.514063187347
2023-07-04,15.174437897572687,11.382386761436898,0,24815.81532740197,25522.564178366192
2023-07-05,10.466148798753728,11.066512920703934,0,24599.514063187347,24327.429116346128
2023-07-06,11.892722073155863,15.89079818904665,0,25522.564178366192,24411.372181141065
2023-07-07,17.360983563693242,14.310537511351033,0,24327.429116346128,23318.138456339813
2023-07-08,15.101987496129704,18.079214460539077,1,24411.372181141065,23088.243958236133
2023-07-09,18.806297680654282,17.44939777653397,1,23318.138456339813,24660.092477750513
2023-07-10,16.857346549236084,13.780360140299694,0,23088.243958236133,26336.98552008198
2023-07-11,14.51224955890658,20.79427150217282,0,24660.092477750513,27636.361216793026
2023-07-12,19.300797625871176,15.005992711551428,0,26336.98552008198,26074.21841264993
2023-07-13,14.78479368099308,11.160236094498293,0,27636.361216793026,25012.77034171601
2023-07-14,11.878784902217873,21.541007740632185,0,26074.21841264993,26047.08342782985
2023-07-15,22.375465688474634,12.871015808952743,1,25012.77034171601,23241.302530550558
2023-07-16,12.643164263217983,17.183894660952657,1,26047.08342782985,24997.32902330201
2023-07-17,19.213524375190023,17.99367143604797,0,23241.302530550558,26854.848990514627
2023-07-18,20.170413634699266,17.505215122077264,0,24997.32902330201,26346.8684515201
2023-07-19,18.390017651131373,14.640811125169698,0,26854.848990514627,25828.354229460456
2023-07-20,14.011147554215892,21.13178478211749,0,26346.8684515201,27607.573495264976
2023-07-21,20.95262318045631,15.02650628494189,0,25828.354229460456,24698.143467043097
2023-07-22,15.004774401591494,15.227233335874624,1,27607.573495264976,22755.186744321778
2023-07-23,15.441154531312558,15.90805564491778,1,24698.143467043097,25317.25467031955
2023-07-24,18.085635115965566,20.823384614622874,0,22755.186744321778,28200.657884558103
2023-07-25,21.148578890989462,18.33788827966433,0,25317.25467031955,27352.817186346616
2023-07-26,20.112989894385866,22.407859475734508,0,28200.657884558103,27953.199681891107
2023-07-27,21.57283477598707,18.60903267280959,0,27352.817186346616,26440.029901791553
2023-07-28,18.61778045923717,19.385255107726152,0,27953.199681891107,25279.022840851307
2023-07-29,19.475121282226144,17.637925394657724,1,26440.029901791553,24646.74827549784
2023-07-30,17.239087603052127,19.786515007865,1,25279.022840851307,26659.85863052909
2023-07-31,19.46372444227098,22.142644703530234,0,24646.74827549784,29421.286334723027
2023-08-01,21.910223906608998,20.194772211137145,0,26659.85863052909,29373.709090451164
2023-08-02,19.846855039615505,21.36246665902571,0,29421.286334723027,30838.06273840739
2023-08-03,21.95155188854655,18.158175467539717,0,29373.709090451164,29553.90452039636
2023-08-04,19.49360211561322,19.948498360593025,0,30838.06273840739,27265.49151410283
2023-08-05,19.607051925377853,22.79080099642769,1,29553.90452039636,26878.656857512586
2023-08-06,21.344506399978556,21.92669104707483,1,27265.49151410283,26584.952932453394
2023-08-07,20.915198673747877,22.822198292953193,0,26878.656857512586,29214.579345356855
2023-08-08,23.03640087023188,22.763532256919266,0,26584.952932453394,31454.8316207899
2023-08-09,22.15137109293627,25.763765488517283,0,29214.579345356855,33538.13556819279
2023-08-10,26.203846895947574,21.833169213695104,0,31454.8316207899,31182.578540631177
2023-08-11,21.448664909088436,20.962910315556197,0,33538.13556819279,29904.733507126257
2023-08-12,21.57073116702658,19.817454345053537,1,31182.578540631177,27190.764164694097
2023-08-13,19.67699650038714,24.472301010250042,1,29904.733507126257,28840.122133265984
2023-08-14,22.469689221265742,25.02460679934894,0,27190.764164694097,32542.700424156716
2023-08-15,24.252155493701807,22.322124566169666,0,28840.122133265984,31247.168590016896
2023-08-16,20.823562428051652,21.90271116937586,0,32542.700424156716,32002.973035882667
2023-08-17,22.67618056165855,24.033519214629468,0,31247.168590016896,32753.55795485319
2023-08-18,24.719616805351603,22.686011861976066,0,32002.973035882667,31082.328697358684
2023-08-19,22.725583360732518,22.41812270898527,1,32753.55795485319,29545.32227906117
2023-08-20,21.861376549924024,25.49646459833876,1,31082.328697358684,33287.833386879065
2023-08-21,25.705014056606213,24.63787734245197,0,29545.32227906117,34000.4414843056
2023-08-22,23.624555821052855,23.92924692158918,0,33287.833386879065,34936.92259553604
2023-08-23,24.479775780063175,27.879949234663457,0,34000.4414843056,36068.718260168556
2023-08-24,26.51980615788583,27.522503642455543,0,34936.92259553604,37073.856792684266
2023-08-25,26.55414028636341,21.80310827599671,0,36068.718260168556,32064.101895727912
2023-08-26,22.918908481086323,23.148892009452105,1,37073.856792684266,30743.088242348284
2023-08-27,22.5659251467243,24.455327792483793,1,32064.101895727912,33094.53196865822
2023-08-28,24.679336951863483,24.740895023387736,0,30743.088242348284,32741.6660828648
2023-08-29,23.7221192627364,18.848825722481777,0,33094.53196865822,29222.308664422722
2023-08-30,19.386391286327104,27.713929244172427,0,32741.6660828648,33646.1183859731
2023-08-31,27.402814154054525,24.88327649578457,0,29222.308664422722,32788.59145103302
2023-09-01,24.33756392861886,23.447324504893896,0,33646.1183859731,33407.854108385785
2023-09-02,26.201219758634746,19.615149418973466,1,32788.59145103302,30386.496022429317
2023-09-03,21.49544005927257,27.83991152954705,1,33407.854108385785,33732.80751866858
2023-09-04,27.712019429143453,22.95452024134788,0,30386.496022429317,32961.11313996134
2023-09-05,23.08093614043061,25.35452483338499,0,33732.80751866858,34271.88242600612
2023-09-06,24.338793876891504,21.383020090120354,0,32961.11313996134,32695.95552473741
2023-09-07,21.157037392576463,23.021201584990425,0,34271.88242600612,34060.89159172524
2023-09-08,24.29211575643267,24.508377036011442,0,32695.95552473741,32236.235069584243
2023-09-09,24.18011035530533,23.58208926742974,1,34060.89159172524,31280.41308893035
2023-09-10,24.332574630608132,25.700192335135117,1,32236.235069584243,33378.38119998395
2023-09-11,25.929807091672657,24.509115960074823,0,31280.41308893035,34576.061390125054
2023-09-12,25.018181458243188,27.685302314634335,0,33378.38119998395,38205.240686791876
2023-09-13,27.3367373590307,22.331164452812395,0,34576.061390125054,36753.74665302344
2023-09-14,23.75303277700068,21.335450317748105,0,38205.240686791876,35264.489801343436
2023-09-15,22.45571166384486,22.69217473977066,0,36753.74665302344,34553.702943476004
2023-09-16,24.91647779495533,28.6937389437252,1,35264.489801343436,32971.51345264664
2023-09-17,26.549819874832302,27.102411180142422,1,34553.702943476004,35896.10501741541
2023-09-18,28.101319561303246,26.16762493238583,0,32971.51345264664,36423.98016793883
2023-09-19,27.031490196913303,19.431285940004127,0,35896.10501741541,33521.99959723621
2023-09-20,20.586210489313526,25.29728543215145,0,36423.98016793883,36170.92416121013
2023-09-21,25.941736750501214,28.206857320757912,0,33521.99959723621,37506.14450468364
2023-09-22,28.645452344425735,25.757074034616256,0,36170.92416121013,34783.78595155433
2023-09-23,25.14255059636985,23.859655984269477,1,37506.14450468364,32816.25738101933
2023-09-24,23.683747399747713,26.058905132719833,1,34783.78595155433,33928.8258396775
2023-09-25,25.730660579410507,23.08863638002002,0,32816.25738101933,32937.40227101174
2023-09-26,23.67972387550574,26.438560427668953,0,33928.8258396775,34385.04728445104
2023-09-27,26.511853627496752,26.071505465249984,0,32937.40227101174,35198.23745566731
2023-09-28,24.854004929479387,28.31468969578684,0,34385.04728445104,36608.14308629141
2023-09-29,28.337598508458903,26.374280495059345,0,35198.23745566731,35860.386150572835
2023-09-30,26.068658099668063,20.94133314814303,1,36608.14308629141,32479.513349269808
2023-10-01,22.97119894189879,26.76620832998896,1,35860.386150572835,35115.89198855657
2023-10-02,26.249716220954934,27.289415157045582,0,32479.513349269808,37616.11395984195
2023-10-03,27.0316251947079,24.507698465017576,0,35115.89198855657,34427.02669390611
2023-10-04,23.220158592599052,20.770004479499143,0,37616.11395984195,32926.112414253366
2023-10-05,23.52277374527891,18.78851357132746,0,34427.02669390611,29841.02052503183
2023-10-06,18.766538316774483,26.59785359868982,0,32926.112414253366,31203.77719004472
2023-10-07,26.726540542857062,23.00967507330724,1,29841.02052503183,29471.30334687235
2023-10-08,22.93347919087742,18.389096375091917,1,31203.77719004472,27864.584385498387
2023-10-09,19.028160843637586,20.037776530484468,0,29471.30334687235,27845.515761993724
2023-10-10,19.839624807236397,24.316867906967875,0,27864.584385498387,29367.708638057185
2023-10-11,23.62806980892315,26.037631336208715,0,27845.515761993724,32483.322950174213
2023-10-12,26.0073803994363,23.490988397547774,0,29367.708638057185,33267.42869644052
2023-10-13,23.799771919245558,24.886100204198492,0,32483.322950174213,33688.6259952722
2023-10-14,25.11502322551463,20.686638114259342,1,33267.42869644052,28440.832079055857
2023-10-15,21.091443192511942,20.42031962383423,1,33688.6259952722,29441.959198916386
2023-10-16,20.39788644031001,25.132198543711493,0,28440.832079055857,33432.693885960565
2023-10-17,25.868233374443424,22.77345986497783,0,29441.959198916386,33098.58961509328
2023-10-18,24.783474769717834,24.7085888773699,0,33432.693885960565,31636.697136827464
2023-10-19,23.372605008738397,24.768175316830458,0,33098.58961509328,34634.013607114684
2023-10-20,26.5464843010088,20.71130406276641,0,31636.697136827464,29978.908646097334
2023-10-21,20.85229613896923,20.736693170388204,1,34634.013607114684,28943.73225843527
2023-10-22,22.06530280714761,25.253000990008626,1,29978.908646097334,32953.43873904433
2023-10-23,25.56430387222446,26.480959273267477,0,28943.73225843527,35310.42045183969
2023-10-24,27.47201386294371,22.704584960380004,0,32953.43873904433,33626.827038889096
2023-10-25,22.774525384117577,25.956211291543408,0,35310.42045183969,35869.77387134808
2023-10-26,26.825011282727274,19.66410042831808,0,33626.827038889096,33236.2712854007
2023-10-27,20.98954313857227,23.46625141571037,0,35869.77387134808,32652.985596391674
2023-10-28,23.18669532655284,23.094878802815117,1,33236.2712854007,31335.92923929669
2023-10-29,21.791196401583793,18.43039963419325,1,32652.985596391674,28441.023286867185
2023-10-30,18.115542905514793,22.665353962199628,0,31335.92923929669,29744.301037994082
2023-10-31,22.588520163250738,23.044060413524573,0,28441.023286867185,33553.81503688537
2023-11-01,24.12994386990386,21.161473760497042,0,29744.301037994082,32082.46616940438
2023-11-02,21.278984232277736,21.7335580669246,0,33553.81503688537,31207.282246315066
2023-11-03,21.322240646799262,24.139472942442058,0,32082.46616940438,30505.56398574691
2023-11-04,24.826612697072804,18.926131363871896,1,31207.282246315066,26917.173878781097
2023-11-05,18.063161297007966,17.205689913360022,1,30505.56398574691,25340.126974889507
2023-11-06,17.2839065313472,19.545811461767283,0,26917.173878781097,25667.022724339557
2023-11-07,19.230540076725635,17.173150208879093,0,25340.126974889507,24270.75729956145
2023-11-08,17.709218098859346,23.36958664606592,0,25667.022724339557,28351.952923179262
2023-11-09,23.899060681722162,21.317558458738983,0,24270.75729956145,28922.057498399357
2023-11-10,21.13759755909469,18.37463658294599,0,28351.952923179262,24288.52960693311
2023-11-11,18.030704422360596,18.785200629473522,1,28922.057498399357,22768.045195479484
2023-11-12,18.479877861542654,25.931514746657808,1,24288.52960693311,30116.241446997148
2023-11-13,26.99151024871002,17.356532662184698,0,22768.045195479484,26646.974711329516
2023-11-14,18.134064018786404,17.5069514334946,0,30116.241446997148,24827.000013503803
2023-11-15,17.57240782037744,18.15212247349548,0,26646.974711329516,25689.535650376703
2023-11-16,20.054205065790967,21.70178301517745,0,24827.000013503803,26116.839804070616
2023-11-17,20.702877696477962,19.742999619322962,0,25689.535650376703,25578.894967908065
2023-11-18,19.473157401452895,16.450223705110997,1,26116.839804070616,22998.737419337886
2023-11-19,16.45704696710799,14.876819393739167,1,25578.894967908065,24612.110475272842
2023-11-20,15.638311681971217,20.60461538582844,0,22998.737419337886,26825.44136838527
2023-11-21,19.83236427387077,17.688528651042386,0,24612.110475272842,24966.274478660518
2023-11-22,18.010394255665243,15.694988823234876,0,26825.44136838527,25015.75405296966
2023-11-23,13.844325463368717,21.01915512450631,0,24966.274478660518,26499.710508031247
2023-11-24,20.675688458907118,17.943915632131016,0,25015.75405296966,24383.774013879516
2023-11-25,19.485085607745255,17.418568920052024,1,26499.710508031247,22925.359955193002
2023-11-26,16.74131327066737,15.910165385711633,1,24383.774013879516,23770.557259352678
2023-11-27,16.488393447251706,16.939801915904333,0,22925.359955193002,24951.830657389437
2023-11-28,17.511536439400334,14.714927774436136,0,23770.557259352678,25793.21374199157
2023-11-29,15.007737853802109,12.963300131110707,0,24951.830657389437,24519.824101074322
2023-11-30,13.14545552499579,17.31207910258171,0,25793.21374199157,24436.361915166883
2023-12-01,17.112170353068905,13.206232350257523,0,24519.824101074322,23641.076705755448
2023-12-02,12.496524641443235,17.259221538924066,1,24436.361915166883,23759.586968423617
2023-12-03,16.85821163395102,11.286121717126314,1,23641.076705755448,22432.522227272813
2023-12-04,12.064380942737607,13.798731642142839,0,23759.586968423617,24735.990846747627
2023-12-05,15.204296285720716,14.035493655343863,0,22432.522227272813,24734.10539570971
2023-12-06,14.897106164811001,19.780712810178223,0,24735.990846747627,27122.61220382119
2023-12-07,19.47573116122055,12.952352011313609,0,24734.10539570971,25723.308878101754
2023-12-08,12.140246821647693,12.788692408825288,0,27122.61220382119,23676.243597291475
2023-12-09,11.045058710548924,11.344201618134504,1,25723.308878101754,22874.011750838694
2023-12-10,12.747433974255841,11.355757872589948,1,23676.243597291475,25203.61872992079
2023-12-11,11.333300940408394,12.161172313757294,0,22874.011750838694,25126.297081100398
2023-12-12,12.447346569911236,14.292585334247255,0,25203.61872992079,23181.607777560766
2023-12-13,14.752307233074477,15.488462648658379,0,25126.297081100398,24636.913239380912
2023-12-14,15.408297262123222,17.098708515926297,0,23181.607777560766,23533.658920297625
2023-12-15,17.40486831437334,10.866552706801611,0,24636.913239380912,22389.968003453032
2023-12-16,11.191519470057655,18.70112138705187,1,23533.658920297625,22252.09858560543
2023-12-17,19.406485936607467,17.87935947837374,1,22389.968003453032,22158.473500963984
2023-12-18,17.54229655727301,12.851148022156925,0,22252.09858560543,22651.63874581529
2023-12-19,11.854536876997063,7.985868215431343,0,22158.473500963984,25831.534195579694
2023-12-20,6.411217053188771,11.1236361763352,0,22651.63874581529,25072.603442338514
2023-12-21,11.708358000713112,10.760744223760474,0,25831.534195579694,25056.795929438398
2023-12-22,11.873804554899564,5.399438856441265,0,25072.603442338514,26400.76176491154
2023-12-23,5.720900715164143,10.536060282189586,1,25056.795929438398,23300.934090987234
2023-12-24,11.43024724266321,11.492422262782542,1,26400.76176491154,24744.039914666937
2023-12-25,10.522149849541348,7.956940982515575,0,23300.934090987234,27232.501934058273
2023-12-26,8.835414450835692,12.158810528536371,0,24744.039914666937,26874.819550861568
2023-12-27,12.143778002140277,11.465768604875379,0,27232.501934058273,26045.131602234636
2023-12-28,12.868509331415202,8.509292610201422,0,26874.819550861568,27559.01777001075
2023-12-29,8.918115432982217,10.618352711556653,0,26045.131602234636,26250.201248518926
2023-12-30,10.486230321630025,9.525231454416858,1,27559.01777001075,27186.85199170483
2023-12-31,8.05514139286863,6.69893056030393,1,26250.201248518926,29725.054950962905
2024-01-01,7.4510629345862505,9.707701955493912,0,27186.85199170483,28407.536579673597
2024-01-02,9.397536705817494,8.151603317770677,0,29725.054950962905,27341.744578792233
2024-01-03,10.289395885556164,6.088296753148953,0,28407.536579673597,29671.336293864257
2024-01-04,7.35555034199768,2.1387359616800286,0,27341.744578792233,33077.77176362306
2024-01-05,3.0135062344262282,9.237755495273028,0,29671.336293864257,29872.88017191385
2024-01-06,9.797062491845578,4.4974738444494475,1,33077.77176362306,27997.987520244827
2024-01-07,4.1272108411012915,8.781469288917993,1,29872.88017191385,28217.86450303506
2024-01-08,8.210755488608116,10.471820974008882,0,27997.987520244827,24004.520062033243
2024-01-09,12.141689616639166,7.90970273403612,0,28217.86450303506,27365.364036206032
2024-01-10,7.4416894613417375,3.1231031210730524,0,24004.520062033243,30076.9925524757
2024-01-11,4.300364026075787,5.187100161949139,0,27365.364036206032,31873.157163422475
2024-01-12,3.414165415035276,10.03769843116465,0,30076.9925524757,27932.872505552823
2024-01-13,9.787100559416526,6.703836401708891,1,31873.157163422475,28702.168398509864
2024-01-14,6.613929950287709,7.5626277338855905,1,27932.872505552823,28715.307258539866
2024-01-15,7.802583148386091,8.471131030730758,0,28702.168398509864,29400.360712751753
2024-01-16,8.567568519285478,5.868610872709229,0,28715.307258539866,30678.265582782376
2024-01-17,5.929586376438285,4.328119400953431,0,29400.360712751753,31583.275616476214
2024-01-18,5.082619682684947,3.972391390187007,0,30678.265582782376,33016.905271444826
2024-01-19,3.2896178662915263,-2.036463181656845,0,31583.275616476214,34718.28846118548
2024-01-20,-2.2425412714251074,2.161828380668893,1,33016.905271444826,32745.9702320959
2024-01-21,1.4763871318049495,4.782092708142104,1,34718.28846118548,32992.42906091891
2024-01-22,4.907063428091459,5.070720782572586,0,32745.9702320959,33339.57803728658
2024-01-23,4.454598411965898,4.894490136513641,0,32992.42906091891,32196.950301875608
2024-01-24,5.715462541670058,7.705882507280361,0,33339.57803728658,33080.136552020835
2024-01-25,4.205813415224374,3.9650754212546375,0,32196.950301875608,33389.65913176895
2024-01-26,4.739104647177139,5.621010037865874,0,33080.136552020835,29604.277776197283
2024-01-27,6.130654707198707,2.669738329551405,1,33389.65913176895,30802.77454815769
2024-01-28,1.7713118833073525,4.260239694199735,1,29604.277776197283,32001.204365776204
2024-01-29,3.0911680693183015,-1.24103799413523,0,30802.77454815769,33967.17753533751
2024-01-30,-0.3814068447907806,4.172129335822788,0,32001.204365776204,32791.99305142494
2024-01-31,5.89889447940965,1.9331478466943712,0,33967.17753533751,32523.819566597187
2024-02-01,3.395269738301653,3.301365080501161,0,32791.99305142494,32234.94531873182
2024-02-02,4.358917404653799,5.979302991623144,0,32523.819566597187,29899.626460974127
2024-02-03,6.828330548256992,5.282375672674004,1,32234.94531873182,29473.98362585861
2024-02-04,5.5114193911257985,3.470785567369348,1,29899.626460974127,32241.377773194487
2024-02-05,2.5057019877037923,5.485987945903787,0,29473.98362585861,34172.39802256679
2024-02-06,4.470834894092287,-1.9048484463029478,0,32241.377773194487,35797.70530234379
2024-02-07,-1.2289120786789938,3.7610724624282703,0,34172.39802256679,34955.64959560634
2024-02-08,3.2867039787405687,3.220230929233986,0,35797.70530234379,33811.30604614946
2024-02-09,2.4036871117700906,-0.7932085732628633,0,34955.64959560634,35356.65597820506
2024-02-10,-2.131836569479411,4.89266418741149,1,33811.30604614946,33042.3185282326
2024-02-11,5.117544710717933,-0.9316214056533284,1,35356.65597820506,36053.504166076564
2024-02-12,-0.12251364687547994,3.895467301722191,0,33042.3185282326,34411.976679955995
2024-02-13,3.2122521233749506,1.7726357774719872,0,36053.504166076564,35320.44199274241
2024-02-14,0.3239499073003118,3.13955316272771,0,34411.976679955995,35304.93366261857
2024-02-15,3.7303958406640256,6.285106591966337,0,35320.44199274241,33876.206493966805
2024-02-16,4.403126526300587,0.5787017331366577,0,35304.93366261857,35241.7923921554
2024-02-17,-1.0734992403691384,-3.271342171540879,1,33876.206493966805,35313.94110886448
2024-02-18,-2.9419653463643547,-1.1939343765279904,1,35241.7923921554,37043.06484238918
2024-02-19,0.4412025917798985,2.117437335705914,0,35313.94110886448,36452.81129775524
2024-02-20,2.7810388541037097,-0.7961197434895888,0,37043.06484238918,37286.22083674169
2024-02-21,-0.37715754011375124,-0.622352052590563,0,36452.81129775524,37047.742980958414
2024-02-22,-1.0869225816718993,-0.1708599940853941,0,37286.22083674169,36112.71596641251
2024-02-23,1.5667742825127042,-4.291301522946933,0,37047.742980958414,38504.913838506305
2024-02-24,-6.655094178167189,0.7662637917365727,1,36112.71596641251,37216.67716641427
2024-02-25,-1.506981193033928,-4.186044537854694,1,38504.913838506305,38722.05026717426
2024-02-26,-3.3950695814584386,-1.214771236234387,0,37216.67716641427,37328.97454278379
2024-02-27,0.71460079334324,-2.1835738467728065,0,38722.05026717426,38291.628642942
2024-02-28,-1.946353700369139,-2.617499127949524,0,37328.97454278379,40248.94447407927
2024-02-29,-2.973364345339472,0.13179018880757098,0,38291.628642942,37591.233357810976
2024-03-01,-1.146131992214034,-3.3619001977111824,0,40248.94447407927,36700.6463894955
2024-03-02,-4.00505557895823,-0.7064177634843795,1,37591.233357810976,34332.261773115395
2024-03-03,-0.4356745092376307,-4.211405489568285,1,36700.6463894955,36203.52701551744
2024-03-04,-2.1739564470199095,-1.032003515079077,0,34332.261773115395,35946.077423530776
2024-03-05,-1.4730440927177386,-1.6069793009925246,0,36203.52701551744,38105.587070220274
2024-03-06,-2.380104992444286,1.259163292878391,0,35946.077423530776,36809.69039090639
2024-03-07,1.639359022545226,-0.7590580370027606,0,38105.587070220274,37183.6884571024
2024-03-08,-0.9637301487451135,0.7061613937406727,0,36809.69039090639,34760.03891556817
2024-03-09,0.5731415704018386,0.10455066958683079,1,37183.6884571024,34296.22928533303
2024-03-10,0.41855271038995,-4.062196285672954,1,34760.03891556817,37208.35367686376
2024-03-11,-2.835278612281408,0.8410397538702137,0,34296.22928533303,37083.46962278016
2024-03-12,0.5698351876684242,-1.5030418720549055,0,37208.35367686376,36465.38288136733
2024-03-13,-0.013719922517875904,1.2003619958949474,0,37083.46962278016,37317.11665714912
2024-03-14,-0.12994929229381602,-2.9046594763471703,0,36465.38288136733,36950.99686749214
2024-03-15,-1.9345620400697157,-1.6041331481580177,0,37317.11665714912,37487.48175316783
2024-03-16,-2.0248686744607087,0.18742168299772222,1,36950.99686749214,32787.3510328213
2024-03-17,0.9900263037424903,4.775653893130248,1,37487.48175316783,32184.35946642502
2024-03-18,4.468789237493585,-3.3532556471054384,0,32787.3510328213,35165.26651054231
2024-03-19,-3.0698408044983685,0.7970438447364739,0,32184.35946642502,36545.91365198812
2024-03-20,0.337029663959318,-2.779116405970355,0,35165.26651054231,36542.55630791824
2024-03-21,-1.915443479066978,-0.7379906404127903,0,36545.91365198812,37746.02560715816
2024-03-22,0.9654548902513063,-0.24844017066493068,0,36542.55630791824,34584.3098166623
2024-03-23,0.10606813948665095,1.2464351916724612,1,37746.02560715816,35079.215804144755
2024-03-24,1.6714140894768388,-9.529072667730693,1,34584.3098166623,40373.616046983545
2024-03-25,-7.951205678391939,-3.212503566618795,0,35079.215804144755,39935.612419709374
2024-03-26,-2.448458131421811,-5.141494126663382,0,40373.616046983545,40513.380761395325
2024-03-27,-3.3938912867913267,-1.126949689726608,0,39935.612419709374,41094.378284304345
2024-03-28,-1.167249974616444,-3.1253326034700724,0,40513.380761395325,41100.14382933924
2024-03-29,-2.676981291201212,-2.4958566998216547,0,41094.378284304345,36981.35932007985
2024-03-30,-2.435984128632609,3.4367067972420346,1,41100.14382933924,35991.72252104753
2024-03-31,0.9086735717416983,4.0839101122770645,1,36981.35932007985,34681.18252898245
2024-04-01,4.0002001739673245,-7.470028008384945,0,35991.72252104753,38431.50644472262
2024-04-02,-7.769066514165108,-0.8841264553819927,0,34681.18252898245,39042.50148169943
2024-04-03,-1.4367240834118213,-0.041598031468740776,0,38431.50644472262,36966.278207852265
2024-04-04,0.17217291918157995,-1.2055146122369722,0,39042.50148169943,37397.97378750513
2024-04-05,-0.5397604067017459,-0.5510060462304828,0,36966.278207852265,36562.75536532175
2024-04-06,-1.354348245372201,-2.8570266519042224,1,37397.97378750513,36668.35952805268
2024-04-07,-3.8114003547407247,-5.708351754049737,1,36562.75536532175,38710.70979988262
2024-04-08,-2.7169557336202192,1.2860269864247331,0,36668.35952805268,36276.42627577229
2024-04-09,1.5232943231404463,2.060017464264564,0,38710.70979988262,35553.660714635436
2024-04-10,2.474996333376327,-0.5344372266694969,0,36276.42627577229,35786.15727684361
2024-04-11,0.10564187337776601,-0.9784844133001991,0,35553.660714635436,37319.20565086254
2024-04-12,-2.144519025953061,-0.3401235383087252,0,35786.15727684361,37062.55913999138
2024-04-13,0.27071280538311115,0.30759584977993015,1,37319.20565086254,35860.71456951706
2024-04-14,-0.4795988904632945,0.9573496377918672,1,37062.55913999138,34771.91300373497
2024-04-15,1.5770926128957903,0.12021497144738297,0,35860.71456951706,35489.723714856096
2024-04-16,0.6048973040225418,-0.49449819771796344,0,34771.91300373497,36202.34929112609
2024-04-17,-1.145796321853679,0.17286472971456235,0,35489.723714856096,36128.20577047969
2024-04-18,0.988318147491662,-2.5698034605675177,0,36202.34929112609,37858.90242343015
2024-04-19,-2.330518616393956,1.596797020900339,0,36128.20577047969,34608.56208734787
2024-04-20,2.7777486174882258,2.8335668557250124,1,37858.90242343015,32473.020371628347
2024-04-21,3.7966182642795836,-1.3448328185662874,1,34608.56208734787,35295.50070748966
2024-04-22,-1.9891164053156825,2.6360453205639054,0,32473.020371628347,35442.4163258023
2024-04-23,2.1293925074797215,-2.5005084107280027,0,35295.50070748966,37706.352616506745
2024-04-24,-1.2785168645725697,2.742976598230575,0,35442.4163258023,34854.358023146066
2024-04-25,4.004909370380379,6.182934256355265,0,37706.352616506745,34022.8520765352
2024-04-26,3.715213398063747,0.29033805249424705,0,34854.358023146066,33554.07929860179
2024-04-27,1.0118103349206893,3.2600116028065584,1,34022.8520765352,32675.03401256476
2024-04-28,4.210010113757887,1.21632863394977,1,33554.07929860179,35309.28226770909
2024-04-29,0.7834093184798192,-0.4598328528166624,0,32675.03401256476,35373.06554752759
2024-04-30,0.3950742508791554,0.28065997528469533,0,35309.28226770909,35881.80683233354
2024-05-01,0.7252191060618975,2.7555767593039873,0,35373.06554752759,34274.60383877519
2024-05-02,1.9422275038686128,2.554390557618916,0,35881.80683233354,34046.89290060474
2024-05-03,1.6360331771617513,2.7066688530993845,0,34274.60383877519,32543.735101143156
2024-05-04,2.983460035300308,2.4773434464290798,1,34046.89290060474,33167.93343798167
2024-05-05,1.2157688638348587,4.600027507695894,1,32543.735101143156,33435.62826965339
2024-05-06,4.823709355258939,5.305795474756659,0,33167.93343798167,32156.35727654425
2024-05-07,5.625635382521663,1.9112106266132742,0,33435.62826965339,32497.102226101455
2024-05-08,1.9974421769546447,-0.5512930839499852,0,32156.35727654425,35148.24195298491
2024-05-09,-0.16436207529620273,5.8287800775342244,0,32497.102226101455,33244.548731900126
2024-05-10,5.382279560914405,6.792791724904585,0,35148.24195298491,30666.190724743952
2024-05-11,6.590503460501929,2.655035144514064,1,33244.548731900126,30706.219977074485
2024-05-12,3.509949441072818,0.9779958245602615,1,30666.190724743952,33986.628702220885
2024-05-13,0.8781278577785439,4.318271281978181,0,30706.219977074485,33547.01164852751
2024-05-14,4.940012258677966,7.6080691117787085,0,33986.628702220885,31815.506886476698
2024-05-15,8.265756261001098,-0.27299704998435237,0,33547.01164852751,34067.187047059015
2024-05-16,-0.05352162013511119,6.95542603889592,0,31815.506886476698,33321.243602947216
2024-05-17,6.0174967834510475,4.422171501813526,0,34067.187047059015,31145.14487311959
2024-05-18,4.226107755785653,4.248122374957539,1,33321.243602947216,31110.227874638127
2024-05-19,3.060589595507438,8.118598677135475,1,31145.14487311959,32225.154530839598
2024-05-20,6.6368651676674535,2.2235820187049886,0,31110.227874638127,33729.0995185686
2024-05-21,2.3378394482999294,5.837471346758152,0,32225.154530839598,31170.283674064518
2024-05-22,6.522722110122692,8.393437924055021,0,33729.0995185686,30647.087043130377
2024-05-23,9.260794379145937,6.816713065488373,0,31170.283674064518,31314.397724779345
2024-05-24,6.618439159038569,4.9723232490157905,0,30647.087043130377,31476.226876298817
2024-05-25,4.186701700976272,3.6342620831028603,1,31314.397724779345,31830.03363336271
2024-05-26,2.1316917572536376,2.1924225481809154,1,31476.226876298817,32902.11249287741
2024-05-27,3.579127733415346,3.2302374415887365,0,31830.03363336271,33571.36781352232
2024-05-28,2.3865710023562636,12.187546751866565,0,32902.11249287741,29127.841473784654
2024-05-29,11.195793190009823,9.139553877325914,0,33571.36781352232,30897.162765631314
2024-05-30,6.781508021109133,5.111812793963175,0,29127.841473784654,31152.80480681157
2024-05-31,5.0021760277414415,4.471914675099068,0,30897.162765631314,29901.479495414736
2024-06-01,4.580728718895376,3.7753685313148604,1,31152.80480681157,28910.67530307429
2024-06-02,5.370536683174894,6.558806403782696,1,29901.479495414736,30738.90501263992
2024-06-03,7.412614491268669,4.081260202144497,0,28910.67530307429,31941.77337589652
2024-06-04,5.260375863896195,11.788639695692014,0,30738.90501263992,28176.556876797677
2024-06-05,12.873397615122173,6.057262738892474,0,31941.77337589652,29036.348959919254
2024-06-06,7.030863044999359,5.553723534856286,0,28176.556876797677,29846.28262844889
2024-06-07,7.160504717512199,9.93902634739752,0,29036.348959919254,27573.497333598578
2024-06-08,10.104835942535205,13.494548993193554,1,29846.28262844889,23498.35649534035
2024-06-09,13.181168461540283,13.773787320092483,1,27573.497333598578,24972.20523771394
2024-06-10,13.08463834604804,8.608795116750576,0,23498.35649534035,26423.78206172934
2024-06-11,8.775799064179832,11.840591526404678,0,24972.20523771394,25735.48323391249
2024-06-12,10.855159803385634,11.807212826536173,0,26423.78206172934,25649.689494675993
2024-06-13,10.811598476342114,10.39816679939764,0,25735.48323391249,25965.722506895872
2024-06-14,11.985328301206533,11.180453552127654,0,25649.689494675993,25628.366019591933
2024-06-15,11.522482229657676,7.428865576546313,1,25965.722506895872,25559.214397653173
2024-06-16,8.746608732834757,7.131757255580212,1,25628.366019591933,27635.6662255821
2024-06-17,8.178927928071177,12.108043950041974,0,25559.214397653173,25670.63152720931
2024-06-18,11.991964079797569,8.624624982057941,0,27635.6662255821,27319.624324764343
2024-06-19,8.817534227288014,16.80442551630985,0,25670.63152720931,26817.929899667306
2024-06-20,15.408058471415151,14.30400995607113,0,27319.624324764343,24718.540119267847
2024-06-21,12.323445009614723,10.236059482178462,0,26817.929899667306,24007.951609106458
2024-06-22,9.881980881196288,11.60958908778163,1,24718.540119267847,23703.359932214837
2024-06-23,11.866509639243928,11.415073157802587,1,24007.951609106458,23131.783507589123
2024-06-24,11.625552086294258,12.713120065402858,0,23703.359932214837,23766.771797293215
2024-06-25,12.788679803736613,16.212973263130234,0,23131.783507589123,24863.94386858002
2024-06-26,15.704030051685283,9.15363324306385,0,23766.771797293215,24604.238112987903
2024-06-27,9.950570316314176,9.635624730188452,0,24863.94386858002,25927.562114040004
2024-06-28,9.114468414606522,14.54403160637721,0,24604.238112987903,24007.65161193248
2024-06-29,14.849780000861655,14.778791200735656,1,25927.562114040004,23716.1407759236
2024-06-30,13.782094606620976,16.155271858964383,1,24007.65161193248,23335.081222816923
2024-07-01,14.853355024172549,17.453073461918596,0,23716.1407759236,25055.148911220538
2024-07-02,15.775925822737609,14.214900113034346,0,23335.081222816923,25272.114456448093
2024-07-03,14.43041710471003,15.691069900368971,0,25055.148911220538,26093.534011257227
2024-07-04,17.09988782000524,11.34170646607707,0,25272.114456448093,26477.343289239514
2024-07-05,13.084867570720132,15.34396180161162,0,26093.534011257227,24511.304223542833
2024-07-06,15.69404158577986,12.196653901987695,1,26477.343289239514,23644.25072484392
2024-07-07,13.67087330572352,11.433521889584842,1,24511.304223542833,22930.567482060655
2024-07-08,13.136585859353785,17.303864412347128,0,23644.25072484392,22885.171847871592
2024-07-09,17.712371777659396,16.76678641596922,0,22930.567482060655,23138.33646601005
2024-07-10,17.80754675365842,12.373935903911983,0,22885.171847871592,23920.845671737745
2024-07-11,11.739830524575341,15.881866212287042,0,23138.33646601005,25207.01403764997
2024-07-12,13.998289780845047,17.460515042148973,0,23920.845671737745,22176.775226054757
2024-07-13,17.74033449794777,20.151945787870673,1,25207.01403764997,23156.51158274412
2024-07-14,19.89155692229985,14.125945580573621,1,22176.775226054757,23021.27078620827
2024-07-15,15.755135652968896,17.292879600160227,0,23156.51158274412,22764.47328444218
2024-07-16,17.162966926794006,13.53817550107062,0,23021.27078620827,25063.76221539512
2024-07-17,14.289917656995044,23.14999660424368,0,22764.47328444218,29520.27416243792
2024-07-18,24.29938145113679,17.49618809550665,0,25063.76221539512,29553.468901938042
2024-07-19,19.407442613656134,22.20194012867828,0,29520.27416243792,28580.166017703523
2024-07-20,20.651618610437342,18.591254994455262,1,29553.468901938042,26130.54615157854
2024-07-21,20.25368587077939,19.876104551481173,1,28580.166017703523,26274.861340810785
2024-07-22,21.13333508693432,20.471539615553695,0,26130.54615157854,29050.509933053516
2024-07-23,20.510013154652533,18.580603170346677,0,26274.861340810785,26938.780388711108
2024-07-24,18.33934860095674,21.468532517592397,0,29050.509933053516,27309.668567854318
2024-07-25,21.222738218879183,19.806205779734412,0,26938.780388711108,27928.405121825308
2024-07-26,19.743763899696727,22.03046261005661,0,27309.668567854318,28551.228822776357
2024-07-27,22.968330189082803,18.78967172369093,1,27928.405121825308,24785.191587447967
2024-07-28,18.066709893359683,18.87764248999265,1,28551.228822776357,25126.004198840434
2024-07-29,18.72877814260462,20.413661901231723,0,24785.191587447967,27928.203995928856
2024-07-30,21.908773611329103,25.18570203686851,0,25126.004198840434,30461.82615810093
2024-07-31,23.62651711294232,20.57506868351821,0,27928.203995928856,30406.852021456136
2024-08-01,20.959328502748953,19.887989581356592,0,30461.82615810093,28107.762546989223
2024-08-02,18.981583633332587,19.133226652755315,0,30406.852021456136,26619.938288962087
2024-08-03,20.629398064209052,18.611849999948426,1,28107.762546989223,26080.203447966356
2024-08-04,19.842470709693316,25.37498398726365,1,26619.938288962087,31382.533300082065
2024-08-05,25.988678725829132,22.91775446763303,0,26080.203447966356,33021.09566655294
2024-08-06,23.64917530487872,25.689988379348684,0,31382.533300082065,33512.20343699583
2024-08-07,24.71654526524143,20.797184823837746,0,33021.09566655294,32299.089596595855
2024-08-08,22.459507346589785,20.591326176071554,0,33512.20343699583,29450.369469879875
2024-08-09,20.465173584327268,23.87849014580999,0,32299.089596595855,31775.941462821625
2024-08-10,24.930560281720354,26.752943392384726,1,29450.369469879875,31564.56510534166
2024-08-11,26.27373662541683,23.902766727257518,1,31775.941462821625,32456.48419381468
2024-08-12,23.732222401899204,21.764220443176427,0,31564.56510534166,31061.153464405153
2024-08-13,22.352113505605427,27.433935719350877,0,32456.48419381468,33373.74200319529
2024-08-14,25.247517597508512,21.66512448740094,0,31061.153464405153,32404.924958146225
2024-08-15,21.746514403561594,25.772501945439277,0,33373.74200319529,32089.229173880223
2024-08-16,24.71171268658108,19.781146990485535,0,32404.924958146225,29076.84456078986
2024-08-17,21.144264364142337,20.457998646971486,1,32089.229173880223,25964.914042554607
2024-08-18,20.616941510845884,24.629638587269497,1,29076.84456078986,31208.613933743123
2024-08-19,24.575332002565524,24.221853859746524,0,25964.914042554607,32031.766775604057
2024-08-20,24.11710670071579,27.764920344779373,0,31208.613933743123,34354.59993984008
2024-08-21,28.142772843017124,21.926229199140746,0,32031.766775604057,32467.422392076005
2024-08-22,22.78809685450283,20.5236972938654,0,34354.59993984008,33737.72769731133
2024-08-23,23.649941419365945,20.24082993051508,0,32467.422392076005,31047.608981334506
2024-08-24,20.84100220191771,18.16441903536603,1,33737.72769731133,28319.898252336287
2024-08-25,19.1137183397651,19.14048608455023,1,31047.608981334506,27031.69006269413
2024-08-26,19.42746181757078,25.954792429378685,0,28319.898252336287,30882.455807352562
2024-08-27,25.126334329031103,23.300097322543504,0,27031.69006269413,31427.77135113611
2024-08-28,21.112490376117176,27.455798883285343,0,30882.455807352562,33895.72566001012
2024-08-29,26.953011991887006,28.758644428973632,0,31427.77135113611,36019.15723200367
2024-08-30,27.770076798436424,24.177946251183368,0,33895.72566001012,32149.45355265707
2024-08-31,23.575651850608693,29.207019655670383,1,36019.15723200367,33497.903883187144
2024-09-01,28.50633680019457,25.560470083962613,1,32149.45355265707,35110.94008835511
2024-09-02,24.99573066148178,27.01720907797898,0,33497.903883187144,37072.74238518222
2024-09-03,27.303896987929996,23.63902624909684,0,35110.94008835511,35587.20255409806
2024-09-04,23.98732730286674,27.314626495240777,0,37072.74238518222,37061.449160715136
2024-09-05,27.0058886095076,24.08064597543336,0,35587.20255409806,34859.39114318587
2024-09-06,22.302306109777795,27.029015315839814,0,37061.449160715136,35424.32337309999
2024-09-07,26.266196323927893,25.198269402607398,1,34859.39114318587,32631.008219167303
2024-09-08,23.60657757047861,23.156603813400103,1,35424.32337309999,33071.53318560549
2024-09-09,24.469576485942888,26.662189010243587,0,32631.008219167303,34105.701497647926
2024-09-10,26.41284165310868,25.68321667099143,0,33071.53318560549,35528.063428872396
2024-09-11,25.29909609099837,25.2184950837265,0,34105.701497647926,34550.002360916216
2024-09-12,24.7113433783243,25.355532988469008,0,35528.063428872396,34699.33136253235
2024-09-13,26.742876135010654,25.096864777908163,0,34550.002360916216,34402.26710984879
2024-09-14,26.953767046987064,19.36474677270189,1,34699.33136253235,30671.816046047676
2024-09-15,21.501726141180562,25.96522785039964,1,34402.26710984879,34365.29696041794
2024-09-16,26.376260698435086,29.001209415966045,0,30671.816046047676,36552.69809421146
2024-09-17,26.667217767437467,23.32472614050217,0,34365.29696041794,33773.72074883197
2024-09-18,23.11738799644247,24.743228446636817,0,36552.69809421146,34321.707950408294
2024-09-19,25.964314190215955,22.018406930429286,0,33773.72074883197,31980.301487398385
2024-09-20,21.68850740387539,28.28240923946406,0,34321.707950408294,33435.99868715227
2024-09-21,28.592833168696615,24.554779967579737,1,31980.301487398385,32104.62640975625
2024-09-22,24.391973996717734,24.31804292224128,1,33435.99868715227,33665.4879958224
2024-09-23,24.777452950028188,26.64935105025895,0,32104.62640975625,36332.95128982638
2024-09-24,27.95123835079095,24.043130473209903,0,33665.4879958224,33982.490269023685
2024-09-25,24.580976167314457,27.120152417317296,0,36332.95128982638,34425.49032464207
2024-09-26,26.411290168635155,22.56792902527979,0,33982.490269023685,33729.0339581601
2024-09-27,22.267990334288022,24.649454570686625,0,34425.49032464207,30855.337152634136
2024-09-28,23.43071112275292,20.265979347785425,1,33729.0339581601,29355.58062166824
2024-09-29,21.338757770622863,25.309310552482465,1,30855.337152634136,32065.67982599263
2024-09-30,24.260449063300896,27.378985719332647,0,29355.58062166824,34796.20874739444
2024-10-01,27.315726581582314,25.448011498605577,0,32065.67982599263,34175.964096493604
2024-10-02,25.250616405141994,28.10517973004268,0,34796.20874739444,35952.71633664491
2024-10-03,26.851992307308993,21.899272896470436,0,34175.964096493604,32582.6790975803
2024-10-04,22.02174058621636,22.586694447351146,0,35952.71633664491,30175.705687510817
2024-10-05,22.321428041064713,23.956154919696885,1,32582.6790975803,29885.600957085248
2024-10-06,23.304167643782392,26.49634434646207,1,30175.705687510817,32353.309126769844
2024-10-07,25.834297468991462,26.054949304074178,0,29885.600957085248,33552.714280871565
2024-10-08,25.225106097377378,25.532729361905016,0,32353.309126769844,33385.95677890039
2024-10-09,24.223331198222034,26.29199277475321,0,33552.714280871565,33623.99772771625
2024-10-10,25.74201856096936,23.309381267535468,0,33385.95677890039,33168.59873789495
2024-10-11,23.727234395573042,26.440974125837798,0,33623.99772771625,31252.5374759113
2024-10-12,23.968622292725666,27.192792530106686,1,33168.59873789495,31605.2923700392
2024-10-13,27.19766590092312,22.785213494475606,1,31252.5374759113,31098.12144583609
2024-10-14,22.37952051410754,23.49077145783386,0,31605.2923700392,32168.304392237536
2024-10-15,24.20800334944154,25.53219758438391,0,31098.12144583609,34878.89175439066
2024-10-16,27.683793380041745,23.06189189020891,0,32168.304392237536,32355.61165243181
2024-10-17,23.80787537720385,25.312835788263193,0,34878.89175439066,34349.34778983381
2024-10-18,25.215260827401195,22.388863051664657,0,32355.61165243181,31398.71249645473
2024-10-19,21.824548287917363,28.18359190858161,1,34349.34778983381,34304.857005672624
2024-10-20,28.121573245135956,18.321053326980774,1,31398.71249645473,29912.297280026225
2024-10-21,17.491890563909273,21.188620007478807,0,34304.857005672624,27964.467470700445
2024-10-22,20.162570450441656,21.266345796005808,0,29912.297280026225,28150.587825083225
2024-10-23,20.24291751966315,26.843501382612438,0,27964.467470700445,31995.28025374542
2024-10-24,26.80297021713516,23.627490036475336,0,28150.587825083225,34102.844981908165
2024-10-25,23.507415591833297,21.662958005722864,0,31995.28025374542,30322.93252158761
2024-10-26,21.840002220041875,18.322073436485095,1,34102.844981908165,27506.08166006974
2024-10-27,19.15792590640725,24.600947324858367,1,30322.93252158761,28606.302402999012
2024-10-28,23.136077966377904,21.168341319699177,0,27506.08166006974,28919.32447964609
2024-10-29,22.371248494742105,20.178447618757474,0,28606.302402999012,28078.292391451047
2024-10-30,20.21116456791433,18.335302659383046,0,28919.32447964609,27149.639248103205
2024-10-31,18.069251753612942,16.793333826678968,0,28078.292391451047,27137.864741955702
2024-11-01,18.892757477789363,22.815065294105114,0,27149.639248103205,27621.798023320494
2024-11-02,22.031910437948792,21.811787057766757,1,27137.864741955702,26212.97808459487
2024-11-03,22.121821378834305,21.634828357447557,1,27621.798023320494,28870.81550399065
2024-11-04,21.370304207041343,20.358445671772714,0,26212.97808459487,28048.700445972954
2024-11-05,20.64891455267803,14.950253980127775,0,28870.81550399065,27816.67312913561
2024-11-06,16.443795535116944,21.060121177166778,0,28048.700445972954,29877.166145398725
2024-11-07,20.822700449325428,18.098578835846226,0,27816.67312913561,28099.526724526382
2024-11-08,17.95200014471972,21.506451018235488,0,29877.166145398725,27567.994311592665
2024-11-09,20.467849263191503,21.86991772926108,1,28099.526724526382,26122.45427743301
2024-11-10,21.353563664151647,16.685367257324316,1,27567.994311592665,27854.692467272584
2024-11-11,18.326637018185373,18.424322735041834,0,26122.45427743301,26601.62869182282
2024-11-12,17.281165830399132,22.981508049901127,0,27854.692467272584,29500.963288902774
2024-11-13,22.143317004935113,21.165357832816515,0,26601.62869182282,28213.816986412232
2024-11-14,20.356962457816934,18.22989513226834,0,29500.963288902774,26554.905230823966
2024-11-15,17.701873112396033,10.944001232454427,0,28213.816986412232,23524.739127031782
2024-11-16,11.60645619009953,19.37175972167134,1,26554.905230823966,23127.781448587462
2024-11-17,18.796139170350088,19.980130517824836,1,23524.739127031782,25687.28609303173
2024-11-18,20.301457097766804,24.264479654435558,0,23127.781448587462,27886.41562537678
2024-11-19,21.340171600445238,16.45347279313233,0,25687.28609303173,27559.885359049942
2024-11-20,16.647364503702182,15.471999419428826,0,27886.41562537678,26664.614516260073
2024-11-21,16.538292802294585,16.54341081918465,0,27559.885359049942,26027.29148772901
2024-11-22,16.840641072300766,21.326089410175204,0,26664.614516260073,25334.573050850835
2024-11-23,19.84299055847527,14.082955198470106,1,26027.29148772901,25275.60818179076
2024-11-24,14.60996801553549,14.661047086411784,1,25334.573050850835,24674.550401401826
2024-11-25,17.06150656305955,16.336878918526413,0,25275.60818179076,25787.839947099732
2024-11-26,14.824691900775662,17.97498008900958,0,24674.550401401826,23824.905677225626
2024-11-27,17.604258193707903,12.385871019334003,0,25787.839947099732,23710.216754005713
2024-11-28,12.838549239576997,18.214687128770375,0,23824.905677225626,24683.50886405747
2024-11-29,17.456637171402605,14.184772281749524,0,23710.216754005713,23212.91859203798
2024-11-30,15.064258678488143,14.40439306923378,1,24683.50886405747,25012.327288140135
2024-12-01,15.534145304968982,18.19155630462174,1,23212.91859203798,27069.728390776527
2024-12-02,17.195780168513128,18.054575171276234,0,25012.327288140135,25188.40710369862
2024-12-03,18.52693330872919,11.784336021380783,0,27069.728390776527,24632.616273902095
2024-12-04,11.209851858893678,17.80072436038381,0,25188.40710369862,24702.67167975283
2024-12-05,17.74510518914783,17.291520758074327,0,24632.616273902095,26243.53784484444
2024-12-06,16.41454801950745,14.216417686667246,0,24702.67167975283,25031.18539981171
2024-12-07,14.064475354892103,16.08670528333541,1,26243.53784484444,23842.191021845596
2024-12-08,18.09242203962993,15.558955263336653,1,25031.18539981171,23289.6087593362
2024-12-09,14.834502803627492,16.944947588603412,0,23842.191021845596,23469.447142924815
2024-12-10,17.376224016757224,13.365655778319894,0,23289.6087593362,22087.826158082567
2024-12-11,12.439778678126277,11.689390735294193,0,23469.447142924815,22549.325084328593
2024-12-12,11.533505374498757,18.006824468520286,0,22087.826158082567,24117.641780890095
2024-12-13,16.539996472366866,18.395109409031367,0,22549.325084328593,24159.16884503817
2024-12-14,18.66664528281754,12.603358102335243,1,24117.641780890095,22039.010119424474
2024-12-15,14.617668049867595,14.760197613372803,1,24159.16884503817,23608.806711720805
2024-12-16,15.03810083530813,11.959075384387601,0,22039.010119424474,25907.506657922295
2024-12-17,11.402087451496847,8.750653201708612,0,23608.806711720805,27062.53539672096
2024-12-18,9.050434857752194,11.149247375275205,0,25907.506657922295,26002.287210290677
2024-12-19,11.57484435927568,17.183081798974577,0,27062.53539672096,25994.343073493084
2024-12-20,15.666935750840151,6.931367449023993,0,26002.287210290677,26902.42668200614
2024-12-21,7.041388204020161,11.325907989063932,1,25994.343073493084,25404.321789096684
2024-12-22,10.230704833329058,6.64942477729354,1,26902.42668200614,27548.181389125948
2024-12-23,6.459316988756827,9.888414572335316,0,25404.321789096684,26292.04134725193
2024-12-24,11.293208533722618,12.08572399388337,0,27548.181389125948,25722.371130007778
2024-12-25,12.985303847538113,7.197703003378696,0,26292.04134725193,27190.676642914917
2024-12-26,7.470374902422594,9.680273209705152,0,25722.371130007778,28500.138939644457
2024-12-27,9.331659314298438,12.677694825239064,0,27190.676642914917,25968.59770553988
2024-12-28,13.447925798398758,8.317875505566555,1,28500.138939644457,26012.921583318726
2024-12-29,9.691364249985593,5.619434889676714,1,25968.59770553988,29835.79703993822
